Model,Train R²,Test R²,Test RMSE (M VND),Test MAE (M VND)
Random Forest,0.31500157842142296,-0.1354090527664471,15.123308146363076,5.440414249809814
Gradient Boosting,0.7977179072882326,-0.2705641008060664,15.998118714263997,5.721982141888731
XGBoost,0.8418772231478622,-0.297391473265709,16.166132894765834,5.390791505486188
LightGBM,0.19154996110111977,-0.12600920400376414,15.060576456856028,5.324682876697584
